id,
https://twitter.com/LibertasARTfan/status/1522140980941524993
https://twitter.com/_NftCollectors/status/1522387750053416960
https://twitter.com/NFTGalIery/status/1522387619484778498
https://twitter.com/PlaNetFTs/status/1522387362659147776
https://twitter.com/nft_drop_here_/status/1522388176635052034
https://twitter.com/Drop_Your_NFT_/status/1522388175280291840
https://twitter.com/nft_finley/status/1522389148589559808
https://twitter.com/stoemanangels/status/1522388967617794048
https://twitter.com/MattTea5/status/1522388957677461504
https://twitter.com/MattTea5/status/1522388949792088064
https://twitter.com/MattTea5/status/1522388917969956865
https://twitter.com/MattTea5/status/1522388893294809089
https://twitter.com/Kronos4000/status/1522388797870284800
https://twitter.com/nft_drop_here_/status/1522403276184072192
https://twitter.com/aforchieri/status/1522403649946857474
https://twitter.com/Drop_Your_NFT_/status/1522403276053831682
https://twitter.com/_NFTsPromoter/status/1522405053159677953
https://twitter.com/_NFTsArt/status/1522407257564233729
https://twitter.com/coinciana/status/1522408052833812481
https://twitter.com/nft_cryptogang/status/1522407940308803587
https://twitter.com/osaro_osula/status/1522407939784556544
https://twitter.com/zee_row_ex/status/1522442835533910017
https://twitter.com/zee_row_ex/status/1522442825538936832
https://twitter.com/zee_row_ex/status/1522442819994066944
https://twitter.com/zee_row_ex/status/1522442808728207362
https://twitter.com/NFTshills/status/1522457129738723331
https://twitter.com/AscendEX_NFT/status/1522465369369485313
https://twitter.com/CryptoLabX/status/1522465163500085248
https://twitter.com/ape_psycho/status/1522488450561232896
https://twitter.com/NFTshiller_/status/1522488292440436736
https://twitter.com/zee_row_ex/status/1522488128061292550
https://twitter.com/CryptoLabX/status/1522512903278006272
https://twitter.com/ClericNft/status/1522512827105357824
https://twitter.com/CryptoMafia420/status/1522513501633548288
https://twitter.com/Scorpiussnft/status/1522513242937085953
https://twitter.com/_NFTsArt/status/1522513815925145600
https://twitter.com/NFT_consultant/status/1522513751290875904
https://twitter.com/NFT_Advisor/status/1522513586098434048
https://twitter.com/_NFTsArt/status/1522513562131959810
https://twitter.com/_NftCollectors/status/1522514044841771013
https://twitter.com/nftcurs_r/status/1522516608975052801
https://twitter.com/nftcurs_r/status/1522516608975052801
