url,
https://twitter.com/LibertasARTfan/status/1522140980941524993
https://twitter.com/_NftCollectors/status/1522387750053416960
https://twitter.com/NFTGalIery/status/1522387619484778498
https://twitter.com/PlaNetFTs/status/1522387362659147776
https://twitter.com/nft_drop_here_/status/1522388176635052034
https://twitter.com/Drop_Your_NFT_/status/1522388175280291840
https://twitter.com/nft_finley/status/1522389148589559808
https://twitter.com/stoemanangels/status/1522388967617794048
https://twitter.com/MattTea5/status/1522388957677461504
https://twitter.com/MattTea5/status/1522388949792088064
https://twitter.com/MattTea5/status/1522388917969956865
https://twitter.com/MattTea5/status/1522388893294809089
https://twitter.com/Kronos4000/status/1522388797870284800
https://twitter.com/aforchieri/status/1522403649946857474
https://twitter.com/nft_drop_here_/status/1522403276184072192
https://twitter.com/Drop_Your_NFT_/status/1522403276053831682
https://twitter.com/_NFTsPromoter/status/1522405053159677953
https://twitter.com/_NFTsArt/status/1522407257564233729
